Datetime,Water Level (m)
2025-08-31 00:00:00,0.1642807
2025-08-31 01:00:00,0.10354574
2025-08-31 02:00:00,0.103950635
2025-08-31 03:00:00,0.21931669
2025-08-31 04:00:00,0.40684196
2025-08-31 05:00:00,0.5889271
2025-08-31 06:00:00,0.69707227
2025-08-31 07:00:00,0.730716
2025-08-31 08:00:00,0.6733034
2025-08-31 09:00:00,0.4887382
2025-08-31 10:00:00,0.2813323
2025-08-31 11:00:00,0.16592778
2025-08-31 12:00:00,0.049250863
2025-08-31 13:00:00,-0.032327324
2025-08-31 14:00:00,-0.024157131
2025-08-31 15:00:00,0.09898101
2025-08-31 16:00:00,0.24987641
2025-08-31 17:00:00,0.4408448
2025-08-31 18:00:00,0.6337483
2025-08-31 19:00:00,0.76859236
2025-08-31 20:00:00,0.8240559
2025-08-31 21:00:00,0.7955149
2025-08-31 22:00:00,0.6815838
2025-08-31 23:00:00,0.573985
2025-09-01 00:00:00,0.4532275
2025-09-01 01:00:00,0.35522422
2025-09-01 02:00:00,0.2699694
2025-09-01 03:00:00,0.25046653
2025-09-01 04:00:00,0.31008115
2025-09-01 05:00:00,0.40258318
2025-09-01 06:00:00,0.48409733
2025-09-01 07:00:00,0.5580036
2025-09-01 08:00:00,0.6009081
2025-09-01 09:00:00,0.55381024
2025-09-01 10:00:00,0.48181325
2025-09-01 11:00:00,0.38554433
2025-09-01 12:00:00,0.27876577
2025-09-01 13:00:00,0.16940123
2025-09-01 14:00:00,0.08721644
2025-09-01 15:00:00,0.06101581
2025-09-01 16:00:00,0.11361572
2025-09-01 17:00:00,0.23101217
2025-09-01 18:00:00,0.38268673
2025-09-01 19:00:00,0.5159256
2025-09-01 20:00:00,0.6674548
2025-09-01 21:00:00,0.7838633
2025-09-01 22:00:00,0.795684
2025-09-01 23:00:00,0.7659293
2025-09-02 00:00:00,0.70389825
2025-09-02 01:00:00,0.60401875
2025-09-02 02:00:00,0.4720344
2025-09-02 03:00:00,0.33417678
2025-09-02 04:00:00,0.24502614
2025-09-02 05:00:00,0.23148264
2025-09-02 06:00:00,0.2635282
2025-09-02 07:00:00,0.3478136
2025-09-02 08:00:00,0.45914242
2025-09-02 09:00:00,0.56337386
2025-09-02 10:00:00,0.6300184
2025-09-02 11:00:00,0.57794046
2025-09-02 12:00:00,0.4857201
2025-09-02 13:00:00,0.40239745
2025-09-02 14:00:00,0.29143018
2025-09-02 15:00:00,0.16751944
2025-09-02 16:00:00,0.09880633
2025-09-02 17:00:00,0.0804988
2025-09-02 18:00:00,0.12483135
2025-09-02 19:00:00,0.23402384
2025-09-02 20:00:00,0.42908937
2025-09-02 21:00:00,0.66660094
2025-09-02 22:00:00,0.8393194
2025-09-02 23:00:00,0.9389353
2025-09-03 00:00:00,0.9408888
2025-09-03 01:00:00,0.8535327
2025-09-03 02:00:00,0.7011858
2025-09-03 03:00:00,0.5046027
2025-09-03 04:00:00,0.29646927
2025-09-03 05:00:00,0.14474943
2025-09-03 06:00:00,0.07055858
2025-09-03 07:00:00,0.092161424
2025-09-03 08:00:00,0.20393063
2025-09-03 09:00:00,0.3740021
2025-09-03 10:00:00,0.5657286
2025-09-03 11:00:00,0.6816998
2025-09-03 12:00:00,0.7304424
2025-09-03 13:00:00,0.677432
2025-09-03 14:00:00,0.5416843
2025-09-03 15:00:00,0.34177148
2025-09-03 16:00:00,0.13046195
2025-09-03 17:00:00,-0.04040499
2025-09-03 18:00:00,-0.09846523
2025-09-03 19:00:00,-0.0421536
2025-09-03 20:00:00,0.14832956
2025-09-03 21:00:00,0.43147463
2025-09-03 22:00:00,0.747508
2025-09-03 23:00:00,0.97275126
2025-09-04 00:00:00,1.1073607
2025-09-04 01:00:00,1.1136249
2025-09-04 02:00:00,0.99080503
2025-09-04 03:00:00,0.74379426
2025-09-04 04:00:00,0.4616741
2025-09-04 05:00:00,0.15523148
2025-09-04 06:00:00,-0.06715181
2025-09-04 07:00:00,-0.14270087
2025-09-04 08:00:00,-0.06783905
2025-09-04 09:00:00,0.13545834
2025-09-04 10:00:00,0.43456075
2025-09-04 11:00:00,0.72796464
2025-09-04 12:00:00,0.8688632
2025-09-04 13:00:00,0.9142419
2025-09-04 14:00:00,0.8038032
2025-09-04 15:00:00,0.58902663
2025-09-04 16:00:00,0.28671414
2025-09-04 17:00:00,-0.008838228
2025-09-04 18:00:00,-0.23167469
2025-09-04 19:00:00,-0.3110369
2025-09-04 20:00:00,-0.19612333
2025-09-04 21:00:00,0.096575655
2025-09-04 22:00:00,0.4870995
2025-09-04 23:00:00,0.89679694
2025-09-05 00:00:00,1.1817017
2025-09-05 01:00:00,1.3090243
2025-09-05 02:00:00,1.2362357
2025-09-05 03:00:00,0.99503887
2025-09-05 04:00:00,0.64093024
2025-09-05 05:00:00,0.24505691
2025-09-05 06:00:00,-0.12030904
2025-09-05 07:00:00,-0.34374422
2025-09-05 08:00:00,-0.3694454
2025-09-05 09:00:00,-0.18896371
2025-09-05 10:00:00,0.16032225
2025-09-05 11:00:00,0.591705
2025-09-05 12:00:00,0.9270183
2025-09-05 13:00:00,1.0904782
2025-09-05 14:00:00,1.0808784
2025-09-05 15:00:00,0.9028869
2025-09-05 16:00:00,0.5360823
2025-09-05 17:00:00,0.13767765
2025-09-05 18:00:00,-0.23516339
2025-09-05 19:00:00,-0.48520243
2025-09-05 20:00:00,-0.5007707
2025-09-05 21:00:00,-0.28397325
2025-09-05 22:00:00,0.15015207
2025-09-05 23:00:00,0.6549978
2025-09-06 00:00:00,1.1217703
